provider,engine,default_mode,cells,candidate_queries,raw_rows,kept_rows,candidate_rows,statuses,latency_min,latency_median,latency_p95,latency_max
movies,Apibay,on,32,15,1167,1167,907,"{""empty"": 12, ""results"": 16, ""timeout"": 4}",0.453,5.945,12.109,12.453
movies,Knaben,auto,32,30,1312,1312,1141,"{""empty"": 2, ""results"": 30}",0.719,1.359,1.75,1.766
movies,Nyaa,on,32,9,206,206,164,"{""empty"": 22, ""results"": 10}",0.625,1.0,1.171,1.281
movies,YTS,off,32,22,462,462,227,"{""empty"": 8, ""results"": 24}",0.375,1.0,2.11,2.125
movies,SolidTorrents,off,32,2,40,40,26,"{""results"": 2, ""unknown_circuit_open"": 30}",1.859,1.929,2.0,2.0
games,Apibay,on,32,3,104,95,38,"{""empty"": 27, ""results"": 4, ""timeout"": 1}",2.157,8.015,10.5,11.047
games,Online-Fix,on,32,12,13,13,13,"{""empty"": 20, ""results"": 12}",10.812,11.0,11.219,11.25
games,FitGirl,on,32,24,38,38,37,"{""empty"": 8, ""results"": 24}",,,,
games,Knaben,auto,32,24,642,595,530,"{""empty"": 7, ""results"": 25}",0.734,1.03,1.531,1.531
games,SolidTorrents,off,32,1,20,20,20,"{""rate_limited"": 1, ""results"": 1, ""timeout"": 1, ""unknown_circuit_open"": 29}",0.75,2.281,7.5,7.5
online-fix,Online-Fix,on,32,24,30,30,29,"{""empty"": 8, ""results"": 24}",10.828,11.0,11.171,11.219
fitgirl,FitGirl,on,32,24,38,38,37,"{""empty"": 8, ""results"": 24}",0.265,2.43,3.484,3.5
software,Apibay,on,32,8,485,485,412,"{""empty"": 23, ""results"": 8, ""timeout"": 1}",0.985,5.797,10.515,10.531
software,Knaben,auto,32,26,679,679,602,"{""empty"": 6, ""results"": 26}",0.312,0.75,1.266,1.5
software,SolidTorrents,off,32,1,20,20,20,"{""results"": 1, ""timeout"": 1, ""unknown_circuit_open"": 30}",1.86,4.665,7.469,7.469
mobile,Apibay,on,32,1,4,4,4,"{""empty"": 30, ""results"": 1, ""timeout"": 1}",1.047,6.0,10.047,10.656
mobile,Knaben,auto,32,21,437,437,415,"{""empty"": 11, ""results"": 21}",0.454,1.0,1.515,1.531
mobile,SolidTorrents,off,32,2,40,40,40,"{""results"": 2, ""unknown_circuit_open"": 30}",2.031,2.054,2.078,2.078
rutracker,RuTracker,on,32,0,0,0,0,"{""challenge"": 5, ""unknown_circuit_open"": 27}",0.062,0.985,1.015,1.015
anime,Nyaa,on,32,30,1868,1826,1419,"{""empty"": 2, ""results"": 30}",0.703,1.297,2.187,2.282
anime,Knaben,auto,32,28,1205,1205,907,"{""empty"": 1, ""results"": 31}",0.438,1.25,1.531,1.532
anime,Apibay,off,32,9,682,682,571,"{""empty"": 23, ""results"": 9}",0.157,5.75,8.875,9.985
anime,SolidTorrents,off,32,3,60,60,51,"{""results"": 3, ""unknown_circuit_open"": 29}",1.828,2.047,2.078,2.078
manga,Nyaa (EN),on,32,26,847,847,726,"{""empty"": 6, ""results"": 26}",0.531,0.907,1.234,1.235
manga,Nyaa (Raw),off,32,22,634,634,564,"{""empty"": 10, ""results"": 22}",0.672,1.007,1.437,1.562
manga,Nyaa (Non-English),off,32,13,214,214,195,"{""empty"": 19, ""results"": 13}",0.547,0.969,1.157,1.859
manga,Apibay,on,32,2,2,2,2,"{""empty"": 29, ""results"": 2, ""timeout"": 1}",1.0,2.945,10.0,11.344
manga,Knaben,auto,32,28,548,548,496,"{""empty"": 4, ""results"": 28}",0.484,0.992,1.516,1.547
madokami,Madokami,on,32,27,462,461,264,"{""empty"": 5, ""results"": 27}",0.313,1.0,1.937,1.937
books,Libgen,on,32,25,1819,1819,1120,"{""empty"": 3, ""results"": 25, ""timeout"": 4}",2.265,3.617,11.14,11.187
books,Apibay,on,32,8,151,151,48,"{""empty"": 19, ""results"": 8, ""timeout"": 5}",0.125,8.001,11.641,12.297
books,Knaben,auto,32,19,202,202,172,"{""empty"": 13, ""results"": 19}",0.454,0.516,1.016,1.484
books,SolidTorrents,off,32,3,51,51,49,"{""results"": 3, ""unknown_circuit_open"": 29}",1.844,1.89,2.047,2.047
